{"0":{"name":"Cube","x":{"x":1.000000,"y":0.000000,"z":0.000000},"y":{"x":0.000000,"y":1.000000,"z":0.000000},"z":{"x":0.000000,"y":0.000000,"z":1.000000},"t":{"x":3.484374,"y":2.500009,"z":1.519983},"s":{"x":4.800000,"y":4.800000,"z":0.100000},"tempType":"0088E52C437BBCAA","tempFlag":"1F","tbluType":"002E141E1B1C6EFE","tbluFlag":"1F"},"1":{"name":"Cube.001","x":{"x":1.000000,"y":0.000000,"z":0.000000},"y":{"x":0.000000,"y":1.000000,"z":0.000000},"z":{"x":0.000000,"y":0.000000,"z":1.000000},"t":{"x":1.984374,"y":0.050000,"z":1.519139},"s":{"x":2.000000,"y":0.100000,"z":5.000000},"tempType":"0088E52C437BBCAA","tempFlag":"1F","tbluType":"002E141E1B1C6EFE","tbluFlag":"1F"},"2":{"name":"Cube.002","x":{"x":1.000000,"y":0.000000,"z":0.000000},"y":{"x":0.000000,"y":1.000000,"z":0.000000},"z":{"x":0.000000,"y":0.000000,"z":1.000000},"t":{"x":3.484374,"y":0.050000,"z":3.519483},"s":{"x":1.000000,"y":0.100000,"z":3.000000},"tempType":"0088E52C437BBCAA","tempFlag":"1F","tbluType":"002E141E1B1C6EFE","tbluFlag":"1F"},"3":{"name":"Cube.003","x":{"x":1.000000,"y":0.000000,"z":0.000000},"y":{"x":0.000000,"y":1.000000,"z":0.000000},"z":{"x":0.000000,"y":0.000000,"z":1.000000},"t":{"x":4.984374,"y":0.050000,"z":1.519139},"s":{"x":2.000000,"y":0.100000,"z":5.000000},"tempType":"0088E52C437BBCAA","tempFlag":"1F","tbluType":"002E141E1B1C6EFE","tbluFlag":"1F"},"4":{"name":"Cube.004","x":{"x":1.000000,"y":0.000000,"z":0.000000},"y":{"x":0.000000,"y":1.000000,"z":0.000000},"z":{"x":0.000000,"y":0.000000,"z":1.000000},"t":{"x":3.484374,"y":4.950000,"z":1.519139},"s":{"x":5.000000,"y":0.100000,"z":5.000000},"tempType":"0088E52C437BBCAA","tempFlag":"1F","tbluType":"002E141E1B1C6EFE","tbluFlag":"1F"},"5":{"name":"Cube.005","x":{"x":1.000000,"y":0.000000,"z":0.000000},"y":{"x":0.000000,"y":1.000000,"z":0.000000},"z":{"x":0.000000,"y":0.000000,"z":1.000000},"t":{"x":1.034374,"y":2.500009,"z":1.519139},"s":{"x":0.100000,"y":4.800000,"z":5.000000},"tempType":"0088E52C437BBCAA","tempFlag":"1F","tbluType":"002E141E1B1C6EFE","tbluFlag":"1F"},"6":{"name":"Cube.006","x":{"x":1.000000,"y":0.000000,"z":0.000000},"y":{"x":0.000000,"y":1.000000,"z":0.000000},"z":{"x":0.000000,"y":0.000000,"z":1.000000},"t":{"x":5.934375,"y":2.500009,"z":1.519139},"s":{"x":0.100000,"y":4.800000,"z":5.000000},"tempType":"0088E52C437BBCAA","tempFlag":"1F","tbluType":"002E141E1B1C6EFE","tbluFlag":"1F"},"7":{"name":"Cube.007","x":{"x":1.000000,"y":0.000000,"z":0.000000},"y":{"x":0.000000,"y":1.000000,"z":0.000000},"z":{"x":0.000000,"y":0.000000,"z":1.000000},"t":{"x":3.484374,"y":2.500009,"z":6.419983},"s":{"x":4.800000,"y":4.800000,"z":0.100000},"tempType":"0088E52C437BBCAA","tempFlag":"1F","tbluType":"002E141E1B1C6EFE","tbluFlag":"1F"},"8":{"name":"Cube.008","x":{"x":1.000000,"y":0.000000,"z":0.000000},"y":{"x":0.000000,"y":1.000000,"z":0.000000},"z":{"x":0.000000,"y":0.000000,"z":1.000000},"t":{"x":3.484374,"y":0.050000,"z":1.519983},"s":{"x":1.000000,"y":0.100000,"z":0.100000},"tempType":"0088E52C437BBCAA","tempFlag":"1F","tbluType":"002E141E1B1C6EFE","tbluFlag":"1F"},"9":{"name":"Cube.009","x":{"x":0.707107,"y":0.000000,"z":0.707107},"y":{"x":0.000000,"y":1.000000,"z":0.000000},"z":{"x":-0.707107,"y":0.000000,"z":0.707107},"t":{"x":2.199196,"y":2.500009,"z":7.655508},"s":{"x":3.536000,"y":5.000000,"z":0.100000},"tempType":"0088E52C437BBCAA","tempFlag":"1F","tbluType":"002E141E1B1C6EFE","tbluFlag":"1F"},"10":{"name":"Cube.010","x":{"x":-0.707107,"y":-0.000000,"z":0.707107},"y":{"x":0.000000,"y":-1.000000,"z":0.000000},"z":{"x":0.707107,"y":0.000000,"z":0.707107},"t":{"x":4.769553,"y":2.499990,"z":7.655508},"s":{"x":3.536000,"y":5.000000,"z":0.100000},"tempType":"0088E52C437BBCAA","tempFlag":"1F","tbluType":"002E141E1B1C6EFE","tbluFlag":"1F"},"11":{"name":"Cube.011","x":{"x":0.707107,"y":0.000000,"z":0.707107},"y":{"x":0.000000,"y":1.000000,"z":0.000000},"z":{"x":-0.707107,"y":0.000000,"z":0.707107},"t":{"x":3.484386,"y":2.500000,"z":8.940698},"s":{"x":0.100000,"y":5.000000,"z":0.100000},"tempType":"0088E52C437BBCAA","tempFlag":"1F","tbluType":"002E141E1B1C6EFE","tbluFlag":"1F"},"12":{"name":"Cube.012","x":{"x":1.000000,"y":0.000000,"z":0.000000},"y":{"x":0.000000,"y":1.000000,"z":0.000000},"z":{"x":0.000000,"y":0.000000,"z":1.000000},"t":{"x":5.184375,"y":3.500000,"z":6.520000},"s":{"x":0.800000,"y":0.800000,"z":3.000000},"tempType":"0088E52C437BBCAA","tempFlag":"1F","tbluType":"002E141E1B1C6EFE","tbluFlag":"1F"},"13":{"name":"gascanister_large_a","x":{"x":1.000000,"y":0.000000,"z":0.000000},"y":{"x":0.000000,"y":1.000000,"z":0.000000},"z":{"x":0.000000,"y":0.000000,"z":1.000000},"t":{"x":5.344375,"y":-0.180000,"z":1.520000},"s":"none","tempType":"002BE53AF16A24FA","tempFlag":"1F","tbluType":"007F5E8D55CE5DE1","tbluFlag":"1F"},"14":{"name":"gascanister_large_a.001","x":{"x":1.000000,"y":0.000000,"z":0.000000},"y":{"x":0.000000,"y":1.000000,"z":0.000000},"z":{"x":0.000000,"y":0.000000,"z":1.000000},"t":{"x":5.664374,"y":-0.180000,"z":1.520000},"s":"none","tempType":"002BE53AF16A24FA","tempFlag":"1F","tbluType":"007F5E8D55CE5DE1","tbluFlag":"1F"},"15":{"name":"gascanister_large_a.002","x":{"x":1.000000,"y":0.000000,"z":0.000000},"y":{"x":0.000000,"y":1.000000,"z":0.000000},"z":{"x":0.000000,"y":0.000000,"z":1.000000},"t":{"x":5.994374,"y":-0.180000,"z":1.520000},"s":"none","tempType":"002BE53AF16A24FA","tempFlag":"1F","tbluType":"007F5E8D55CE5DE1","tbluFlag":"1F"},"16":{"name":"building_background_d","x":{"x":1.000000,"y":0.000000,"z":0.000000},"y":{"x":0.000000,"y":1.000000,"z":0.000000},"z":{"x":0.000000,"y":0.000000,"z":1.000000},"t":{"x":-82.000000,"y":-40.000000,"z":1.120000},"s":"none","tempType":"00E0C015AE90523F","tempFlag":"1F","tbluType":"00F882D415B24188","tbluFlag":"1F"},"20":{"name":"inflatable_crocodile_a001","x":{"x":0.923077,"y":-0.384615,"z":0.000000},"y":{"x":0.384615,"y":0.923077,"z":0.000000},"z":{"x":0.000000,"y":0.000000,"z":1.000000},"t":{"x":11.000000,"y":-5.000000,"z":1.520000},"s":"none","tempType":"00E0A9162E561BF7","tempFlag":"1F","tbluType":"0032053FAAF77AD7","tbluFlag":"1F"}}