{"0":{"x":{"x":1.000000,"y":0.000000,"z":0.000000},"y":{"x":0.000000,"y":1.000000,"z":0.000000},"z":{"x":0.000000,"y":0.000000,"z":1.000000},"t":{"x":2.500000,"y":2.500009,"z":1.519983},"s":{"x":4.800000,"y":4.800000,"z":0.100000}},"1":{"x":{"x":1.000000,"y":0.000000,"z":0.000000},"y":{"x":0.000000,"y":1.000000,"z":0.000000},"z":{"x":0.000000,"y":0.000000,"z":1.000000},"t":{"x":1.000000,"y":0.050000,"z":1.519139},"s":{"x":2.000000,"y":0.100000,"z":5.000000}},"2":{"x":{"x":1.000000,"y":0.000000,"z":0.000000},"y":{"x":0.000000,"y":1.000000,"z":0.000000},"z":{"x":0.000000,"y":0.000000,"z":1.000000},"t":{"x":2.500000,"y":0.050000,"z":3.519483},"s":{"x":1.000000,"y":0.100000,"z":3.000000}},"3":{"x":{"x":1.000000,"y":0.000000,"z":0.000000},"y":{"x":0.000000,"y":1.000000,"z":0.000000},"z":{"x":0.000000,"y":0.000000,"z":1.000000},"t":{"x":4.000000,"y":0.050000,"z":1.519139},"s":{"x":2.000000,"y":0.100000,"z":5.000000}},"4":{"x":{"x":1.000000,"y":0.000000,"z":0.000000},"y":{"x":0.000000,"y":1.000000,"z":0.000000},"z":{"x":0.000000,"y":0.000000,"z":1.000000},"t":{"x":2.500000,"y":4.950000,"z":1.519139},"s":{"x":5.000000,"y":0.100000,"z":5.000000}},"5":{"x":{"x":1.000000,"y":0.000000,"z":0.000000},"y":{"x":0.000000,"y":1.000000,"z":0.000000},"z":{"x":0.000000,"y":0.000000,"z":1.000000},"t":{"x":0.050000,"y":2.500009,"z":1.519139},"s":{"x":0.100000,"y":4.800000,"z":5.000000}},"6":{"x":{"x":1.000000,"y":0.000000,"z":0.000000},"y":{"x":0.000000,"y":1.000000,"z":0.000000},"z":{"x":0.000000,"y":0.000000,"z":1.000000},"t":{"x":4.950000,"y":2.500009,"z":1.519139},"s":{"x":0.100000,"y":4.800000,"z":5.000000}},"7":{"x":{"x":1.000000,"y":0.000000,"z":0.000000},"y":{"x":0.000000,"y":1.000000,"z":0.000000},"z":{"x":0.000000,"y":0.000000,"z":1.000000},"t":{"x":2.500000,"y":2.500009,"z":6.419983},"s":{"x":4.800000,"y":4.800000,"z":0.100000}},"8":{"x":{"x":1.000000,"y":0.000000,"z":0.000000},"y":{"x":0.000000,"y":1.000000,"z":0.000000},"z":{"x":0.000000,"y":0.000000,"z":1.000000},"t":{"x":2.500000,"y":0.050000,"z":1.519983},"s":{"x":1.000000,"y":0.100000,"z":0.100000}},"9":{"x":{"x":0.707107,"y":0.000000,"z":0.707107},"y":{"x":0.000000,"y":1.000000,"z":0.000000},"z":{"x":-0.707107,"y":0.000000,"z":0.707107},"t":{"x":1.214822,"y":2.500009,"z":7.655508},"s":{"x":3.536000,"y":5.000000,"z":0.100000}},"10":{"x":{"x":-0.707107,"y":-0.000000,"z":0.707107},"y":{"x":0.000000,"y":-1.000000,"z":0.000000},"z":{"x":0.707107,"y":0.000000,"z":0.707107},"t":{"x":3.785179,"y":2.499990,"z":7.655508},"s":{"x":3.536000,"y":5.000000,"z":0.100000}},"11":{"x":{"x":0.707107,"y":0.000000,"z":0.707107},"y":{"x":0.000000,"y":1.000000,"z":0.000000},"z":{"x":-0.707107,"y":0.000000,"z":0.707107},"t":{"x":2.500012,"y":2.400009,"z":8.940698},"s":{"x":0.100000,"y":4.800000,"z":0.100000}},"12":{"x":{"x":1.000000,"y":0.000000,"z":0.000000},"y":{"x":0.000000,"y":1.000000,"z":0.000000},"z":{"x":0.000000,"y":0.000000,"z":1.000000},"t":{"x":4.200000,"y":3.500000,"z":6.520000},"s":{"x":0.800000,"y":0.800000,"z":3.000000}}}